{
  "Baseline": {
    "size_kb": 8.89,
    "ram_kb": 17.79,
    "f1": 0.5942028985507246,
    "lat_mean_ms": null,
    "cumple_ram": true,
    "cumple_f1": true
  },
  "INT8": {
    "f1": 0.5942028985507246,
    "precision": 0.7068965517241379,
    "recall": 0.5125,
    "auc_roc": 0.6828906250000001,
    "lat_mean_ms": 0.020592506245975528,
    "lat_p95_ms": 0.02575120000756214,
    "size_kb": 24.6484375,
    "ram_kb": 49.296875,
    "cumple_ram": true,
    "cumple_f1": true
  },
  "Pruning 50% + INT8": {
    "f1": 0.5815602836879432,
    "precision": 0.6721311475409836,
    "recall": 0.5125,
    "auc_roc": 0.677265625,
    "lat_mean_ms": 0.02073651250142916,
    "lat_p95_ms": 0.025868849985499764,
    "size_kb": 24.6484375,
    "ram_kb": 49.296875,
    "sparsity": 0.5,
    "cumple_ram": true,
    "cumple_f1": true
  },
  "Destilación + INT8": {
    "f1": 0.549618320610687,
    "precision": 0.7058823529411765,
    "recall": 0.45,
    "auc_roc": 0.6702343749999999,
    "lat_mean_ms": 0.0154700937521568,
    "lat_p95_ms": 0.01909719999275694,
    "size_kb": 17.921875,
    "ram_kb": 35.84375,
    "cumple_ram": true,
    "cumple_f1": true
  },
  "_meta": {
    "seed": 42,
    "f1_baseline": 0.5942028985507246,
    "f1_min": 0.5347826086956522,
    "window_size": 24,
    "n_signals": 6,
    "operadores_modelo_final": [
      "ADD",
      "CONCATENATION",
      "CONV_2D",
      "EXPAND_DIMS",
      "LOGISTIC",
      "MAX_POOL_2D",
      "MUL",
      "RESHAPE",
      "SHAPE",
      "STRIDED_SLICE",
      "TRANSPOSE_CONV"
    ],
    "resolver_metodos": [
      "AddAdd",
      "AddConcatenation",
      "AddConv2D",
      "AddExpandDims",
      "AddLogistic",
      "AddMaxPool2D",
      "AddMul",
      "AddReshape",
      "AddShape",
      "AddStridedSlice",
      "AddTransposeConv"
    ]
  }
}